{
  "ABIRoot": {
    "kind": "Root",
    "name": "TopLevel",
    "printedName": "TopLevel",
    "children": [
      {
        "kind": "Import",
        "name": "UIKit",
        "printedName": "UIKit",
        "declKind": "Import",
        "moduleName": "MAPNextPluginSwiftSupport",
        "declAttributes": [
          "RawDocComment"
        ]
      },
      {
        "kind": "Import",
        "name": "Dispatch",
        "printedName": "Dispatch",
        "declKind": "Import",
        "moduleName": "MAPNextPluginSwiftSupport"
      },
      {
        "kind": "Import",
        "name": "MCPCommon",
        "printedName": "MCPCommon",
        "declKind": "Import",
        "moduleName": "MAPNextPluginSwiftSupport"
      },
      {
        "kind": "Import",
        "name": "MCPCore",
        "printedName": "MCPCore",
        "declKind": "Import",
        "moduleName": "MAPNextPluginSwiftSupport"
      },
      {
        "kind": "Import",
        "name": "Darwin",
        "printedName": "Darwin",
        "declKind": "Import",
        "moduleName": "MAPNextPluginSwiftSupport"
      },
      {
        "kind": "Function",
        "name": "Swift_UIApplicationMain",
        "printedName": "Swift_UIApplicationMain(argc:argv:principalClassName:delegateClassName:unknownVariable:systemFoundDelegateName:)",
        "children": [
          {
            "kind": "TypeNominal",
            "name": "Int32",
            "printedName": "Swift.Int32",
            "usr": "s:s5Int32V"
          },
          {
            "kind": "TypeNominal",
            "name": "Int32",
            "printedName": "Swift.Int32",
            "usr": "s:s5Int32V"
          },
          {
            "kind": "TypeNominal",
            "name": "UnsafeMutablePointer",
            "printedName": "Swift.UnsafeMutablePointer<Swift.UnsafeMutablePointer<Swift.Int8>?>",
            "children": [
              {
                "kind": "TypeNominal",
                "name": "Optional",
                "printedName": "Swift.UnsafeMutablePointer<Swift.Int8>?",
                "children": [
                  {
                    "kind": "TypeNominal",
                    "name": "UnsafeMutablePointer",
                    "printedName": "Swift.UnsafeMutablePointer<Swift.Int8>",
                    "children": [
                      {
                        "kind": "TypeNominal",
                        "name": "Int8",
                        "printedName": "Swift.Int8",
                        "usr": "s:s4Int8V"
                      }
                    ],
                    "usr": "s:Sp"
                  }
                ],
                "usr": "s:Sq"
              }
            ],
            "usr": "s:Sp"
          },
          {
            "kind": "TypeNominal",
            "name": "Optional",
            "printedName": "Swift.String?",
            "children": [
              {
                "kind": "TypeNominal",
                "name": "String",
                "printedName": "Swift.String",
                "usr": "s:SS"
              }
            ],
            "usr": "s:Sq"
          },
          {
            "kind": "TypeNominal",
            "name": "Optional",
            "printedName": "Swift.String?",
            "children": [
              {
                "kind": "TypeNominal",
                "name": "String",
                "printedName": "Swift.String",
                "usr": "s:SS"
              }
            ],
            "usr": "s:Sq"
          },
          {
            "kind": "TypeNominal",
            "name": "UnsafeRawPointer",
            "printedName": "Swift.UnsafeRawPointer",
            "usr": "s:SV"
          },
          {
            "kind": "TypeNominal",
            "name": "Optional",
            "printedName": "Swift.String?",
            "children": [
              {
                "kind": "TypeNominal",
                "name": "String",
                "printedName": "Swift.String",
                "usr": "s:SS"
              }
            ],
            "usr": "s:Sq"
          }
        ],
        "declKind": "Func",
        "usr": "c:(cm)Swift_UIApplicationMainWithArgc:argv:principalClassName:delegateClassName:unknownVariable:systemFoundDelegateName:",
        "mangledName": "$s25MAPNextPluginSwiftSupport0C18_UIApplicationMain4argc4argv18principalClassName08delegatejK015unknownVariable019systemFoundDelegateK0s5Int32VAJ_SpySpys4Int8VGSgGSSSgAPSVAPtF",
        "moduleName": "MAPNextPluginSwiftSupport",
        "declAttributes": [
          "AccessControl",
          "CDecl",
          "RawDocComment"
        ],
        "funcSelfKind": "NonMutating"
      },
      {
        "kind": "Function",
        "name": "Swift_makeFileSystemObjectSource",
        "printedName": "Swift_makeFileSystemObjectSource(fileDescriptor:eventMask:queue:)",
        "children": [
          {
            "kind": "TypeNominal",
            "name": "DispatchSourceFileSystemObject",
            "printedName": "Dispatch.DispatchSourceFileSystemObject",
            "usr": "c:objc(pl)OS_dispatch_source_vnode"
          },
          {
            "kind": "TypeNominal",
            "name": "Int32",
            "printedName": "Swift.Int32",
            "usr": "s:s5Int32V"
          },
          {
            "kind": "TypeNominal",
            "name": "FileSystemEvent",
            "printedName": "Dispatch.DispatchSource.FileSystemEvent",
            "usr": "s:So18OS_dispatch_sourceC8DispatchE15FileSystemEventV"
          },
          {
            "kind": "TypeNominal",
            "name": "Optional",
            "printedName": "Dispatch.DispatchQueue?",
            "children": [
              {
                "kind": "TypeNominal",
                "name": "DispatchQueue",
                "printedName": "Dispatch.DispatchQueue",
                "usr": "c:objc(cs)OS_dispatch_queue"
              }
            ],
            "hasDefaultArg": true,
            "usr": "s:Sq"
          }
        ],
        "declKind": "Func",
        "usr": "s:25MAPNextPluginSwiftSupport0C27_makeFileSystemObjectSource14fileDescriptor9eventMask5queueSo24OS_dispatch_source_vnode_ps5Int32V_So0o1_p1_Q0C8DispatchE0fG5EventVSo0o1_p1_N0CSgtF",
        "mangledName": "$s25MAPNextPluginSwiftSupport0C27_makeFileSystemObjectSource14fileDescriptor9eventMask5queueSo24OS_dispatch_source_vnode_ps5Int32V_So0o1_p1_Q0C8DispatchE0fG5EventVSo0o1_p1_N0CSgtF",
        "moduleName": "MAPNextPluginSwiftSupport",
        "declAttributes": [
          "AccessControl"
        ],
        "funcSelfKind": "NonMutating"
      },
      {
        "kind": "Function",
        "name": "BYPASS_Swift_makeFileSystemObjectSource",
        "printedName": "BYPASS_Swift_makeFileSystemObjectSource(fileDescriptor:eventMask:queue:)",
        "children": [
          {
            "kind": "TypeNominal",
            "name": "DispatchSourceFileSystemObject",
            "printedName": "Dispatch.DispatchSourceFileSystemObject",
            "usr": "c:objc(pl)OS_dispatch_source_vnode"
          },
          {
            "kind": "TypeNominal",
            "name": "Int32",
            "printedName": "Swift.Int32",
            "usr": "s:s5Int32V"
          },
          {
            "kind": "TypeNominal",
            "name": "FileSystemEvent",
            "printedName": "Dispatch.DispatchSource.FileSystemEvent",
            "usr": "s:So18OS_dispatch_sourceC8DispatchE15FileSystemEventV"
          },
          {
            "kind": "TypeNominal",
            "name": "Optional",
            "printedName": "Dispatch.DispatchQueue?",
            "children": [
              {
                "kind": "TypeNominal",
                "name": "DispatchQueue",
                "printedName": "Dispatch.DispatchQueue",
                "usr": "c:objc(cs)OS_dispatch_queue"
              }
            ],
            "hasDefaultArg": true,
            "usr": "s:Sq"
          }
        ],
        "declKind": "Func",
        "usr": "s:25MAPNextPluginSwiftSupport07BYPASS_C27_makeFileSystemObjectSource14fileDescriptor9eventMask5queueSo24OS_dispatch_source_vnode_ps5Int32V_So0p1_q1_R0C8DispatchE0gH5EventVSo0p1_q1_O0CSgtF",
        "mangledName": "$s25MAPNextPluginSwiftSupport07BYPASS_C27_makeFileSystemObjectSource14fileDescriptor9eventMask5queueSo24OS_dispatch_source_vnode_ps5Int32V_So0p1_q1_R0C8DispatchE0gH5EventVSo0p1_q1_O0CSgtF",
        "moduleName": "MAPNextPluginSwiftSupport",
        "declAttributes": [
          "AccessControl"
        ],
        "funcSelfKind": "NonMutating"
      },
      {
        "kind": "Function",
        "name": "Swift_ioctl",
        "printedName": "Swift_ioctl(_:_:_:)",
        "children": [
          {
            "kind": "TypeNominal",
            "name": "Int32",
            "printedName": "Swift.Int32",
            "usr": "s:s5Int32V"
          },
          {
            "kind": "TypeNominal",
            "name": "Int32",
            "printedName": "Swift.Int32",
            "usr": "s:s5Int32V"
          },
          {
            "kind": "TypeNominal",
            "name": "UInt",
            "printedName": "Swift.UInt",
            "usr": "s:Su"
          },
          {
            "kind": "TypeNominal",
            "name": "Int32",
            "printedName": "Swift.Int32",
            "usr": "s:s5Int32V"
          }
        ],
        "declKind": "Func",
        "usr": "s:25MAPNextPluginSwiftSupport0C6_ioctlys5Int32VAD_SuADtF",
        "mangledName": "$s25MAPNextPluginSwiftSupport0C6_ioctlys5Int32VAD_SuADtF",
        "moduleName": "MAPNextPluginSwiftSupport",
        "declAttributes": [
          "AccessControl",
          "RawDocComment"
        ],
        "funcSelfKind": "NonMutating"
      },
      {
        "kind": "Function",
        "name": "BYPASS_Swift_ioctl",
        "printedName": "BYPASS_Swift_ioctl(_:_:_:)",
        "children": [
          {
            "kind": "TypeNominal",
            "name": "Int32",
            "printedName": "Swift.Int32",
            "usr": "s:s5Int32V"
          },
          {
            "kind": "TypeNominal",
            "name": "Int32",
            "printedName": "Swift.Int32",
            "usr": "s:s5Int32V"
          },
          {
            "kind": "TypeNominal",
            "name": "UInt",
            "printedName": "Swift.UInt",
            "usr": "s:Su"
          },
          {
            "kind": "TypeNominal",
            "name": "Int32",
            "printedName": "Swift.Int32",
            "usr": "s:s5Int32V"
          }
        ],
        "declKind": "Func",
        "usr": "s:25MAPNextPluginSwiftSupport07BYPASS_C6_ioctlys5Int32VAD_SuADtF",
        "mangledName": "$s25MAPNextPluginSwiftSupport07BYPASS_C6_ioctlys5Int32VAD_SuADtF",
        "moduleName": "MAPNextPluginSwiftSupport",
        "declAttributes": [
          "AccessControl"
        ],
        "funcSelfKind": "NonMutating"
      },
      {
        "kind": "Function",
        "name": "Swift_ioctl",
        "printedName": "Swift_ioctl(_:_:_:)",
        "children": [
          {
            "kind": "TypeNominal",
            "name": "Int32",
            "printedName": "Swift.Int32",
            "usr": "s:s5Int32V"
          },
          {
            "kind": "TypeNominal",
            "name": "Int32",
            "printedName": "Swift.Int32",
            "usr": "s:s5Int32V"
          },
          {
            "kind": "TypeNominal",
            "name": "UInt",
            "printedName": "Swift.UInt",
            "usr": "s:Su"
          },
          {
            "kind": "TypeNominal",
            "name": "UnsafeMutableRawPointer",
            "printedName": "Swift.UnsafeMutableRawPointer",
            "usr": "s:Sv"
          }
        ],
        "declKind": "Func",
        "usr": "s:25MAPNextPluginSwiftSupport0C6_ioctlys5Int32VAD_SuSvtF",
        "mangledName": "$s25MAPNextPluginSwiftSupport0C6_ioctlys5Int32VAD_SuSvtF",
        "moduleName": "MAPNextPluginSwiftSupport",
        "declAttributes": [
          "AccessControl",
          "RawDocComment"
        ],
        "funcSelfKind": "NonMutating"
      },
      {
        "kind": "Function",
        "name": "BYPASS_Swift_ioctl",
        "printedName": "BYPASS_Swift_ioctl(_:_:_:)",
        "children": [
          {
            "kind": "TypeNominal",
            "name": "Int32",
            "printedName": "Swift.Int32",
            "usr": "s:s5Int32V"
          },
          {
            "kind": "TypeNominal",
            "name": "Int32",
            "printedName": "Swift.Int32",
            "usr": "s:s5Int32V"
          },
          {
            "kind": "TypeNominal",
            "name": "UInt",
            "printedName": "Swift.UInt",
            "usr": "s:Su"
          },
          {
            "kind": "TypeNominal",
            "name": "UnsafeMutableRawPointer",
            "printedName": "Swift.UnsafeMutableRawPointer",
            "usr": "s:Sv"
          }
        ],
        "declKind": "Func",
        "usr": "s:25MAPNextPluginSwiftSupport07BYPASS_C6_ioctlys5Int32VAD_SuSvtF",
        "mangledName": "$s25MAPNextPluginSwiftSupport07BYPASS_C6_ioctlys5Int32VAD_SuSvtF",
        "moduleName": "MAPNextPluginSwiftSupport",
        "declAttributes": [
          "AccessControl"
        ],
        "funcSelfKind": "NonMutating"
      },
      {
        "kind": "Function",
        "name": "Swift_ioctl",
        "printedName": "Swift_ioctl(_:_:)",
        "children": [
          {
            "kind": "TypeNominal",
            "name": "Int32",
            "printedName": "Swift.Int32",
            "usr": "s:s5Int32V"
          },
          {
            "kind": "TypeNominal",
            "name": "Int32",
            "printedName": "Swift.Int32",
            "usr": "s:s5Int32V"
          },
          {
            "kind": "TypeNominal",
            "name": "UInt",
            "printedName": "Swift.UInt",
            "usr": "s:Su"
          }
        ],
        "declKind": "Func",
        "usr": "s:25MAPNextPluginSwiftSupport0C6_ioctlys5Int32VAD_SutF",
        "mangledName": "$s25MAPNextPluginSwiftSupport0C6_ioctlys5Int32VAD_SutF",
        "moduleName": "MAPNextPluginSwiftSupport",
        "declAttributes": [
          "AccessControl",
          "RawDocComment"
        ],
        "funcSelfKind": "NonMutating"
      },
      {
        "kind": "Function",
        "name": "BYPASS_Swift_ioctl",
        "printedName": "BYPASS_Swift_ioctl(_:_:)",
        "children": [
          {
            "kind": "TypeNominal",
            "name": "Int32",
            "printedName": "Swift.Int32",
            "usr": "s:s5Int32V"
          },
          {
            "kind": "TypeNominal",
            "name": "Int32",
            "printedName": "Swift.Int32",
            "usr": "s:s5Int32V"
          },
          {
            "kind": "TypeNominal",
            "name": "UInt",
            "printedName": "Swift.UInt",
            "usr": "s:Su"
          }
        ],
        "declKind": "Func",
        "usr": "s:25MAPNextPluginSwiftSupport07BYPASS_C6_ioctlys5Int32VAD_SutF",
        "mangledName": "$s25MAPNextPluginSwiftSupport07BYPASS_C6_ioctlys5Int32VAD_SutF",
        "moduleName": "MAPNextPluginSwiftSupport",
        "declAttributes": [
          "AccessControl"
        ],
        "funcSelfKind": "NonMutating"
      }
    ],
    "json_format_version": 8
  },
  "ConstValues": []
}