{
  "id": "7ae20eb3-4227-4d61-a2b2-08ceca5c8f55",
  "desc": "Simple testing profile",
  "microsoftPolicy": {
      "enabled": true
  },
  "secureWebStack" : {
    "enabled" : true
  },
  "diagnostics": {
    "forceSDKLogging": false,
    "logClasses": [
      {
        "name": "client",
        "severity": "debug"
      },
      {
        "name": "connect",
        "severity": "info"
      },
      {
        "name": "dsf",
        "severity": "crit"
      },
      {
        "name": "acp",
        "severity": "crit"
      },
      {
        "name": "vnet",
        "severity": "info"
      },
      {
        "name": "packet",
        "severity": "info"
      },
      {
        "name": "socket",
        "severity": "debug"
      },
      {
        "name": "vsIp",
        "severity": "info"
      },
      {
        "name": "vsTcp",
        "severity": "info"
      },
      {
        "name": "vsUdp",
        "severity": "info"
      },
      {
        "name": "vsInternal",
        "severity": "info"
      },
      {
        "name": "vsSocket",
        "severity": "info"
      },
      {
        "name": "vsDriver",
        "severity": "info"
      },
      {
        "name": "driver",
        "severity": "info"
      },
      {
        "name": "policy",
        "severity": "crit"
      },
      {
        "name": "default",
        "severity": "info"
      }
    ],
    "externalLogClasses": [
      {
        "index": 0,
        "name": "inj",
        "severity": "info"
      },
      {
        "index": 1,
        "name": "keystore",
        "severity": "info"
      },
      {
        "index": 2,
        "name": "foundation",
        "severity": "info"
      },
      {
        "index": 3,
        "name": "fileio",
        "severity": "info"
      },
      {
        "index": 4,
        "name": "crypto",
        "severity": "info"
      },
      {
        "index": 5,
        "name": "dar",
        "severity": "crit"
      },
      {
        "index": 6,
        "name": "http",
        "severity": "info"
      },
      {
        "index": 7,
        "name": "sqlcipher",
        "severity": "crit"
      },
      {
        "index": 8,
        "name": "asap",
        "severity": "crit"
      },
      {
        "_index": 9,
        "name": "intune",
        "severity": "info"
      },
      {
        "_index": 10,
        "name": "ping",
        "severity": "crit"
      }
    ]
  }
}
